Rk,Player,Tm,Age,Pos,G,GS,Qbrec,Cmp,Att,Cmp%,Yds,TD,TD%,Int,Int%,1D,Lng,Y/A,AY/A,Y/C,Y/G,Rate,QBR,Sk,Yds,Sk%,NY/A,ANY/A,4QC,GWD
1,Patrick Mahomes*+,KAN,27,QB,17,17,14-3-0,435,648,67.1,5250,41,6.3,12,1.9,272,67,8.1,8.5,12.1,308.8,105.2,77.6,26,188,3.9,7.51,7.93,4,4
2,Justin Herbert,LAC,24,QB,17,17,36806,477,699,68.2,4739,25,3.6,10,1.4,228,55,6.8,6.9,9.9,278.8,93.2,58.2,38,206,5.2,6.15,6.22,4,5
3,Tom Brady,TAM,45,QB,17,17,36747,490,733,66.8,4694,25,3.4,9,1.2,237,63,6.4,6.5,9.6,276.1,90.7,52.5,22,160,2.9,6.01,6.13,4,5
4,Kirk Cousins*,MIN,34,QB,17,17,13-4-0,424,643,65.9,4547,29,4.5,14,2.2,230,66,7.1,7,10.7,267.5,92.5,49.9,46,329,6.7,6.12,6.05,8,8
5,Joe Burrow*,CIN,26,QB,16,16,36864,414,606,68.3,4475,35,5.8,12,2,222,60,7.4,7.6,10.8,279.7,100.8,58.7,41,259,6.3,6.52,6.76,3,4
6,Jared Goff*,DET,28,QB,17,17,36777,382,587,65.1,4438,29,4.9,7,1.2,227,81,7.6,8,11.6,261.1,99.3,61.1,23,156,3.8,7.02,7.45,3,3
7,Josh Allen*,BUF,26,QB,16,16,13-3-0,359,567,63.3,4283,35,6.2,14,2.5,214,98,7.6,7.7,11.9,267.7,96.6,71.4,33,162,5.5,6.87,6.99,3,4
8,Geno Smith*,SEA,32,QB,17,17,36777,399,572,69.8,4282,30,5.2,11,1.9,206,54,7.5,7.7,10.7,251.9,100.9,60.8,46,348,7.4,6.37,6.54,2,3
9,Trevor Lawrence*,JAX,23,QB,17,17,36777,387,584,66.3,4113,25,4.3,8,1.4,206,59,7,7.3,10.6,241.9,95.2,54.5,27,184,4.4,6.43,6.66,3,2
10,Jalen Hurts*,PHI,24,QB,15,15,14-1-0,306,460,66.5,3701,22,4.8,6,1.3,165,68,8,8.4,12.1,246.7,101.5,66.4,38,231,7.6,6.97,7.31,1,2
11,Aaron Rodgers,GNB,39,QB,17,17,36747,350,542,64.6,3695,26,4.8,12,2.2,177,58,6.8,6.8,10.6,217.4,91.1,39.3,32,258,5.6,5.99,5.95,3,4
12,Tua Tagovailoa,MIA,24,QB,13,13,36743,259,400,64.8,3548,25,6.3,8,2,162,84,8.9,9.2,13.7,272.9,105.5,68.8,21,163,5,8.04,8.37,2,2
13,Russell Wilson,DEN,34,QB,15,15,36627,292,483,60.5,3524,16,3.3,11,2.3,142,67,7.3,6.9,12.1,234.9,84.4,36.7,55,368,10.2,5.87,5.54,3,3
14,Derek Carr*,LVR,31,QB,15,15,36686,305,502,60.8,3522,24,4.8,14,2.8,161,60,7,6.7,11.5,234.8,86.3,55.5,27,191,5.1,6.3,6.01,4,3
15,Daniel Jones,NYG,25,QB,16,16,37140,317,472,67.2,3205,15,3.2,5,1.1,156,65,6.8,6.9,10.1,200.3,92.5,60.8,44,243,8.5,5.74,5.89,4,5
16,Davis Mills,HOU,24,QB,15,15,36960,292,479,61,3118,17,3.5,15,3.1,135,58,6.5,5.8,10.7,207.9,78.8,33.1,31,244,6.1,5.64,4.98,2,3
17,Matt Ryan,IND,37,QB,12,12,36988,309,461,67,3057,14,3,13,2.8,156,45,6.6,6,9.9,254.8,83.9,42.9,38,287,7.6,5.55,4.94,5,4
18,Mac Jones,NWE,24,QB,14,14,36685,288,442,65.2,2997,14,3.2,11,2.5,127,48,6.8,6.3,10.4,214.1,84.8,36.2,34,231,7.1,5.81,5.36,0,0
19,Andy Dalton,NOR,35,QB,14,14,36685,252,378,66.7,2871,18,4.8,9,2.4,135,64,7.6,7.5,11.4,205.1,95.2,50.7,25,189,6.2,6.66,6.54,1,1
20,Dak Prescott,DAL,29,QB,12,12,36742,261,394,66.2,2860,23,5.8,15,3.8,142,68,7.3,6.7,11,238.3,91.1,57.9,20,126,4.8,6.6,6.08,2,2
21,Jacoby Brissett,CLE,30,QB,16,11,36623,236,369,64,2608,12,3.3,6,1.6,129,55,7.1,7,11.1,163,88.9,60,24,160,6.1,6.23,6.15,2,2
22,Ryan Tannehill,TEN,34,QB,12,12,36683,212,325,65.2,2536,13,4,6,1.8,116,69,7.8,7.8,12,211.3,94.6,49.1,33,238,9.2,6.42,6.39,,
23,Jimmy Garoppolo,SFO,31,QB,11,10,36710,207,308,67.2,2437,16,5.2,4,1.3,114,57,7.9,8.4,11.8,221.5,103,54.3,18,100,5.5,7.17,7.6,1,1
24,Kenny Pickett,PIT,24,QB,13,12,36712,245,389,63,2404,7,1.8,9,2.3,123,57,6.2,5.5,9.8,184.9,76.7,51.5,27,182,6.5,5.34,4.7,3,4
25,Kyler Murray,ARI,25,QB,11,11,36593,259,390,66.4,2368,14,3.6,7,1.8,119,38,6.1,6,9.1,215.3,87.2,51.5,25,192,6,5.24,5.16,1,1
26,Justin Fields,CHI,23,QB,15,15,36597,192,318,60.4,2242,17,5.3,11,3.5,91,56,7.1,6.6,11.7,149.5,85.2,54,55,359,14.7,5.05,4.63,1,2
27,Lamar Jackson,BAL,25,QB,12,12,36742,203,326,62.3,2242,17,5.2,7,2.1,105,75,6.9,7,11,186.8,91.1,59.1,26,114,7.4,6.05,6.12,1,2
28,Marcus Mariota,ATL,29,QB,13,13,36654,184,300,61.3,2219,15,5,9,3,111,75,7.4,7,12.1,170.7,88.2,55.6,28,195,8.5,6.17,5.85,2,3
29,Baker Mayfield,2TM,27,,12,10,36564,201,335,60,2163,10,3,8,2.4,94,75,6.5,6,10.8,180.3,79,24.5,36,217,9.7,5.25,4.81,0,0
30,Matthew Stafford,LAR,34,QB,9,9,36591,206,303,68,2087,10,3.3,8,2.6,105,75,6.9,6.4,10.1,231.9,87.4,50.3,29,208,8.7,5.66,5.18,,
31,Taylor Heinicke,WAS,29,QB,9,9,37014,161,259,62.2,1859,12,4.6,6,2.3,93,61,7.2,7.1,11.5,206.6,89.6,44.4,19,141,6.8,6.18,6.07,2,1
32,Carson Wentz,WAS,30,QB,8,7,36561,172,276,62.3,1755,11,4,9,3.3,85,75,6.4,5.7,10.2,219.4,80.2,32.9,26,159,8.6,5.28,4.67,2,2
33,Zach Wilson,NYJ,23,QB,9,9,36650,132,242,54.5,1688,6,2.5,7,2.9,73,79,7,6.2,12.8,187.6,72.8,36.5,23,175,8.7,5.71,4.97,1,2
34,Brock Purdy,SFO,23,QB,9,5,5-0-0,114,170,67.1,1374,13,7.6,4,2.4,66,54,8.1,8.6,12.1,152.7,107.3,65.6,11,84,6.1,7.13,7.57,1,1
35,Mitchell Trubisky,PIT,28,QB,7,5,36559,117,180,65,1252,4,2.2,5,2.8,65,45,7,6.2,10.7,178.9,81.1,56.4,11,68,5.8,6.2,5.44,0,1
36,Mike White,NYJ,27,QB,4,4,36528,103,175,58.9,1192,3,1.7,4,2.3,56,60,6.8,6.1,11.6,298,75.7,37,9,76,4.9,6.07,5.41,,
37,Sam Darnold,CAR,25,QB,6,6,36618,82,140,58.6,1143,7,5,3,2.1,57,52,8.2,8.2,13.9,190.5,92.6,48.5,10,78,6.7,7.1,7.13,0,1
38,Deshaun Watson,CLE,27,QB,6,6,36588,99,170,58.2,1102,7,4.1,5,2.9,53,46,6.5,6,11.1,183.7,79.1,38.3,20,106,10.5,5.24,4.79,,
39,Joe Flacco,NYJ,37,QB,5,4,36528,110,191,57.6,1051,5,2.6,3,1.6,55,66,5.5,5.3,9.6,210.2,75.2,34.1,10,66,5,4.9,4.73,1,1
40,Cooper Rush,DAL,29,QB,9,5,36617,94,162,58,1051,5,3.1,3,1.9,52,46,6.5,6.3,11.2,116.8,80,58.7,7,49,4.1,5.93,5.72,0,2
41,Jameis Winston,NOR,28,QB,3,3,36527,73,115,63.5,858,4,3.5,5,4.3,35,51,7.5,6.2,11.8,286,79.5,32.8,11,74,8.7,6.22,5.07,1,1
42,Bailey Zappe,NWE,23,QB,4,2,2-0-0,65,92,70.7,781,5,5.4,3,3.3,37,53,8.5,8.1,12,195.3,100.9,34.5,6,40,6.1,7.56,7.2,,
43,Colt McCoy,ARI,36,QB,4,3,36527,90,132,68.2,780,1,0.8,3,2.3,34,47,5.9,5,8.7,195,76.6,37.4,13,97,9,4.71,3.92,,
44,P.J. Walker,CAR,27,QB,6,5,36559,63,106,59.4,731,3,2.8,3,2.8,30,62,6.9,6.2,11.6,121.8,78,23.5,7,46,6.2,6.06,5.4,,
45,Desmond Ridder,ATL,23,QB,4,4,36558,73,115,63.5,708,2,1.7,0,0,37,40,6.2,6.5,9.7,177,86.4,49.8,9,33,7.3,5.44,5.77,1,1
46,Teddy Bridgewater,MIA,30,QB,5,2,0-2-0,49,79,62,683,4,5.1,4,5.1,32,64,8.6,7.4,13.9,136.6,85.6,47.4,7,45,8.1,7.42,6.26,,
47,Gardner Minshew II,PHI,26,QB,5,2,0-2-0,44,76,57.9,663,3,3.9,3,3.9,30,78,8.7,7.7,15.1,132.6,83.4,39.7,6,28,7.3,7.74,6.83,,
48,Tyler Huntley*,BAL,24,QB,6,4,36558,75,112,67,658,2,1.8,3,2.7,31,40,5.9,5,8.8,109.7,77.2,41.3,7,34,5.9,5.24,4.45,1,1
49,Jarrett Stidham,LVR,26,QB,5,2,0-2-0,53,83,63.9,656,4,4.8,3,3.6,32,60,7.9,7.2,12.4,131.2,89.2,57.8,7,47,7.8,6.77,6.16,,
50,Sam Ehlinger,IND,24,QB,4,3,0-3-0,64,101,63.4,573,3,3,3,3,28,47,5.7,4.9,9,143.3,76.1,31.9,14,87,12.2,4.23,3.57,,
51,Skylar Thompson,MIA,25,QB,7,2,36526,60,105,57.1,534,1,1,3,2.9,26,32,5.1,4,8.9,76.3,62.2,27.2,6,40,5.4,4.45,3.41,0,1
52,Brett Rypien,DEN,26,QB,4,2,36526,53,88,60.2,483,2,2.3,4,4.5,24,45,5.5,3.9,9.1,120.8,63.8,24.3,8,47,8.3,4.54,3.08,,
53,Kyle Allen,HOU,26,QB,2,2,0-2-0,46,78,59,416,2,2.6,4,5.1,19,39,5.3,3.5,9,208,60.6,3.4,5,41,6,4.52,2.83,,
54,Trace McSorley,ARI,27,QB,6,1,0-1-0,45,83,54.2,412,0,0,5,6,17,47,5,2.3,9.2,68.7,42.8,10.8,3,27,3.5,4.48,1.86,,
55,Joshua Dobbs,TEN,27,QB,2,2,0-2-0,40,68,58.8,411,2,2.9,2,2.9,25,39,6,5.3,10.3,205.5,73.8,50.8,6,26,8.1,5.2,4.53,,
56,David Blough,ARI,27,QB,2,2,0-2-0,38,58,65.5,402,2,3.4,2,3.4,18,77,6.9,6.1,10.6,201,82.7,28.2,5,24,7.9,6,5.21,,
57,John Wolford,LAR,27,QB,3,3,36527,38,62,61.3,390,1,1.6,3,4.8,19,30,6.3,4.4,10.3,130,64.6,22.7,7,49,10.1,4.94,3.28,,
58,Anthony Brown,BAL,24,QB,2,1,0-1-0,22,49,44.9,302,0,0,2,4.1,13,47,6.2,4.3,13.7,151,48.2,,5,14,9.3,5.33,3.67,,
59,Malik Willis,TEN,23,QB,8,3,36527,31,61,50.8,276,0,0,3,4.9,11,48,4.5,2.3,8.9,34.5,42.8,12.4,10,49,14.1,3.2,1.3,,
60,Taysom Hill,NOR,32,TE,16,8,,13,19,68.4,240,2,10.5,0,0,11,68,12.6,14.7,18.5,15,146.3,78.3,2,14,9.5,10.76,12.67,,
61,Nick Foles,IND,33,QB,3,2,0-2-0,25,42,59.5,224,0,0,4,9.5,9,49,5.3,1,9,74.7,34.3,7.4,8,48,16,3.52,-0.08,,
62,Nick Mullens,MIN,27,QB,4,0,,21,25,84,224,1,4,1,4,11,37,9,8,10.7,56,100.7,56.1,0,0,0,8.96,7.96,,
63,Jordan Love,GNB,24,QB,4,0,,14,21,66.7,195,1,4.8,0,0,9,63,9.3,10.2,13.9,48.8,112.2,82,0,0,0,9.29,10.24,,
64,Trey Lance,SFO,22,QB,2,2,36526,15,31,48.4,194,0,0,1,3.2,6,44,6.3,4.8,12.9,97,55,34.9,2,9,6.1,5.61,4.24,,
65,Trevor Siemian,CHI,31,QB,2,1,0-1-0,15,26,57.7,184,1,3.8,1,3.8,7,33,7.1,6.1,12.3,92,76.4,26.5,2,14,7.1,6.07,5.18,,
66,Sam Howell,WAS,22,QB,1,1,1-0-0,11,19,57.9,169,1,5.3,1,5.3,6,52,8.9,7.6,15.4,169,83,46.4,3,11,13.6,7.18,6.05,,
67,Davis Webb,NYG,27,QB,1,1,0-1-0,23,40,57.5,168,1,2.5,0,0,11,25,4.2,4.7,7.3,168,75.8,73.5,0,0,0,4.2,4.7,,
68,Bryce Perkins,LAR,26,QB,5,1,0-1-0,19,34,55.9,161,1,2.9,2,5.9,10,20,4.7,2.7,8.5,32.2,53.7,27.2,6,50,15,2.78,1.03,,
69,Nathan Peterman,CHI,28,QB,3,1,0-1-0,14,25,56,139,1,4,1,4,9,28,5.6,4.6,9.9,46.3,68.6,39.9,1,6,3.8,5.12,4.15,,
70,Jeff Driskel,HOU,29,QB,7,2,0-1-0,14,20,70,108,1,5,0,0,5,28,5.4,6.4,7.7,15.4,99.6,19.6,2,13,9.1,4.32,5.23,,
71,Chris Streveler,NYJ,27,QB,2,1,,10,15,66.7,90,0,0,0,0,5,30,6,6,9,45,82.6,72.3,0,0,0,6,6,,
72,Jacob Eason,CAR,25,QB,1,0,,3,5,60,59,0,0,1,20,2,49,11.8,2.8,19.7,59,61.7,0.8,0,0,0,11.8,2.8,,
73,Tyrod Taylor,NYG,33,QB,3,0,,6,8,75,58,1,12.5,1,12.5,3,19,7.3,4.1,9.7,19.3,94.8,10.7,3,18,27.3,3.64,1.36,,
74,Chase Daniel,LAC,36,QB,4,0,,8,12,66.7,52,1,8.3,0,0,4,13,4.3,6,6.5,13,103.5,57.9,1,1,7.7,3.92,5.46,,
75,Brian Hoyer,NWE,37,QB,1,1,0-1-0,5,6,83.3,37,0,0,0,0,2,27,6.2,6.2,7.4,37,92.4,26.7,1,8,14.3,4.14,4.14,,
76,C.J. Beathard,JAX,29,QB,4,0,,7,11,63.6,35,0,0,1,9.1,2,11,3.2,-0.9,5,8.8,30.5,21.4,1,5,8.3,2.5,-1.25,,
77,Justin Jefferson*+,MIN,23,WR,17,17,,2,2,100,34,0,0,0,0,2,23,17,17,17,2,118.7,94.8,0,0,0,17,17,,
78,Christian McCaffrey*,2TM,26,RB,17,16,,1,1,100,34,1,100,0,0,1,34,34,54,34,2,158.3,100,0,0,0,34,54,0,0
79,Tim Boyle,CHI,28,QB,1,0,,2,8,25,33,0,0,2,25,2,17,4.1,-7.1,16.5,33,4.7,0.5,0,0,0,4.13,-7.13,,
80,Blaine Gabbert,TAM,33,QB,1,0,,6,8,75,29,1,12.5,0,0,2,13,3.6,6.1,4.8,29,119.3,57.9,0,0,0,3.63,6.13,,
81,Tyler Boyd,CIN,28,WR,16,14,,1,1,100,23,0,0,0,0,1,23,23,23,23,1.4,118.7,13.2,1,12,50,5.5,5.5,,
82,Kyle Trask,TAM,24,QB,1,0,,3,9,33.3,23,0,0,0,0,1,9,2.6,2.6,7.7,23,42.4,1.6,0,0,0,2.56,2.56,,
83,Brandon Allen,CIN,30,QB,1,0,,3,3,100,22,0,0,0,0,1,13,7.3,7.3,7.3,22,97.2,44.4,1,0,25,5.5,5.5,,
84,Riley Dixon,LAR,29,P,17,0,,2,2,100,18,0,0,0,0,2,12,9,9,9,1.1,104.2,,0,0,0,9,9,,
85,Braden Mann,NYJ,25,P,17,0,,1,2,50,17,0,0,0,0,1,17,8.5,8.5,17,1,79.2,0,0,0,0,8.5,8.5,,
86,Ryan Wright,MIN,22,P,17,0,,1,2,50,13,0,0,0,0,1,13,6.5,6.5,13,0.8,70.8,,0,0,0,6.5,6.5,,
87,Josh Johnson,SFO,36,QB,2,0,,1,2,50,10,0,0,0,0,1,10,5,5,10,5,64.6,20.4,0,0,0,5,5,,
88,Case Keenum,BUF,34,QB,2,0,,2,7,28.6,8,0,0,0,0,0,5,1.1,1.1,4,4,39.6,4.3,0,0,0,1.14,1.14,,
89,Jack Fox,DET,26,P,17,0,,1,1,100,6,0,0,0,0,1,6,6,6,6,0.4,91.7,,0,0,0,6,6,,
90,Najee Harris,PIT,24,RB,17,17,,1,1,100,4,0,0,0,0,0,4,4,4,4,0.2,83.3,10,0,0,0,4,4,,
91,Derrick Henry *,TEN,28,RB,16,16,,2,2,100,4,1,50,0,0,1,3,2,12,2,0.3,118.7,43.2,0,0,0,2,12,,
92,Mack Hollins,LVR,29,WR,17,16,,1,1,100,4,0,0,0,0,0,4,4,4,4,0.2,83.3,22.1,0,0,0,4,4,,
93,Andy Lee,ARI,40,P,17,0,,1,1,100,4,0,0,0,0,1,4,4,4,4,0.2,83.3,,0,0,0,4,4,,
94,Braxton Berrios,NYJ,27,WR,17,2,,1,1,100,2,1,100,0,0,1,2,2,22,2,0.1,118.7,99.5,0,0,0,2,22,,
95,Chase Claypool,2TM,24,WR,15,11,,1,1,100,1,1,100,0,0,1,1,1,21,1,0.1,118.7,100,0,0,0,1,21,0,0
96,Rex Burkhead,HOU,32,RB,16,0,,0,1,0,0,0,0,0,0,0,0,0,0,,0,39.6,2.9,0,0,0,0,0,,
97,Amari Cooper,CLE,28,WR,17,17,,0,1,0,0,0,0,1,100,0,0,0,-45,,0,0,0,0,0,0,0,-45,,
98,DeeJay Dallas,SEA,24,RB,15,0,,0,1,0,0,0,0,1,100,0,0,0,-45,,0,0,0,0,0,0,0,-45,,
99,Phillip Dorsett,HOU,29,WR,15,4,,0,1,0,0,0,0,0,0,0,0,0,0,,0,39.6,2.5,0,0,0,0,0,,
100,Leonard Fournette,TAM,27,RB,16,9,,0,1,0,0,0,0,1,100,0,0,0,-45,,0,0,0,0,0,0,0,-45,,
101,Chad Henne,KAN,37,QB,3,0,,0,2,0,0,0,0,0,0,0,0,0,0,,0,39.6,3.5,0,0,0,0,0,,
102,Christian Kirk,JAX,26,WR,17,17,,0,1,0,0,0,0,0,0,0,0,0,0,,0,39.6,9.9,0,0,0,0,0,,
103,Cooper Kupp,LAR,29,WR,9,9,,0,1,0,0,0,0,0,0,0,0,0,0,,0,39.6,3,0,0,0,0,0,,
104,James Proche,BAL,26,WR,15,0,,0,1,0,0,0,0,1,100,0,0,0,-45,,0,0,0,0,0,0,0,-45,,
105,Tommy Townsend*+,KAN,26,P,17,0,,0,1,0,0,0,0,0,0,0,0,0,0,,0,39.6,,0,0,0,0,0,,
106,Garrett Wilson,NYJ,22,WR,17,12,,0,1,0,0,0,0,0,0,0,0,0,0,,0,39.6,0.8,0,0,0,0,0,,
1,Tom Brady*,TAM,44,QB,17,17,13-4-0,485,719,67.5,5316,43,6,12,1.7,269,62,7.4,7.8,11,312.7,102.1,68.1,22,144,3,6.98,7.41,3,5
2,Justin Herbert*,LAC,23,QB,17,17,9/8/2000,443,672,65.9,5014,38,5.7,15,2.2,256,72,7.5,7.6,11.3,294.9,97.7,65.6,31,214,4.4,6.83,6.95,5,5
3,Matthew Stafford,LAR,33,QB,17,17,12/5/2000,404,601,67.2,4886,41,6.8,17,2.8,233,79,8.1,8.2,12.1,287.4,102.9,63.8,30,243,4.8,7.36,7.45,3,4
4,Patrick Mahomes*,KAN,26,QB,17,17,12/5/2000,436,658,66.3,4839,37,5.6,13,2,260,75,7.4,7.6,11.1,284.6,98.5,62.2,28,146,4.1,6.84,7.07,3,3
5,Derek Carr,LVR,30,QB,17,17,10/7/2000,428,626,68.4,4804,23,3.7,14,2.2,217,61,7.7,7.4,11.2,282.6,94,52.4,40,241,6,6.85,6.6,3,6
6,Joe Burrow,CIN,25,QB,16,16,10/6/2000,366,520,70.4,4611,34,6.5,14,2.7,202,82,8.9,9,12.6,288.2,108.3,54.3,51,370,8.9,7.43,7.51,2,3
7,Dak Prescott,DAL,28,QB,16,16,11/5/2000,410,596,68.8,4449,37,6.2,10,1.7,227,51,7.5,8,10.9,278.1,104.2,54.6,30,144,4.8,6.88,7.34,1,2
8,Josh Allen,BUF,25,QB,17,17,11/6/2000,409,646,63.3,4407,36,5.6,15,2.3,234,61,6.8,6.9,10.8,259.2,92.2,60.7,26,164,3.9,6.31,6.38,,
9,Kirk Cousins*,MIN,33,QB,16,16,8/8/2000,372,561,66.3,4221,33,5.9,7,1.2,192,64,7.5,8.1,11.3,263.8,103.1,52.3,28,197,4.8,6.83,7.42,3,4
10,Aaron Rodgers*+,GNB,38,QB,16,16,13-3-0,366,531,68.9,4115,37,7,4,0.8,213,75,7.7,8.8,11.2,257.2,111.9,69.1,30,188,5.3,7,8,1,2
11,Matt Ryan,ATL,36,QB,17,17,7/10/2000,375,560,67,3968,20,3.6,12,2.1,195,64,7.1,6.8,10.6,233.4,90.4,46.1,40,274,6.7,6.16,5.92,3,4
12,Jimmy Garoppolo,SFO,30,QB,15,15,9/6/2000,301,441,68.3,3810,20,4.5,12,2.7,172,83,8.6,8.3,12.7,254,98.7,53.3,29,201,6.2,7.68,7.38,3,3
13,Mac Jones*,NWE,23,QB,17,17,10/7/2000,352,521,67.6,3801,22,4.2,13,2.5,177,75,7.3,7,10.8,223.6,92.5,50.9,28,241,5.1,6.48,6.22,1,1
14,Kyler Murray*,ARI,24,QB,14,14,9/5/2000,333,481,69.2,3787,24,5,10,2.1,172,77,7.9,7.9,11.4,270.5,100.6,57.3,31,286,6.1,6.84,6.9,1,1
15,Ben Roethlisberger,PIT,39,QB,16,16,9/7/2000,390,605,64.5,3740,22,3.6,10,1.7,188,59,6.2,6.2,9.6,233.8,86.8,35.6,38,239,5.9,5.44,5.43,6,7
16,Ryan Tannehill,TEN,33,QB,17,17,12/5/2000,357,531,67.2,3734,21,4,14,2.6,192,57,7,6.6,10.5,219.6,89.6,55.9,47,327,8.1,5.89,5.53,3,4
17,Trevor Lawrence,JAX,22,QB,17,17,3/14/2000,359,602,59.6,3641,12,2,17,2.8,177,58,6,5.2,10.1,214.2,71.9,33.5,32,238,5,5.37,4.54,1,2
18,Carson Wentz,IND,29,QB,17,17,9/8/2000,322,516,62.4,3563,27,5.2,7,1.4,165,76,6.9,7.3,11.1,209.6,94.6,54.7,32,227,5.8,6.09,6.5,,
19,Taylor Heinicke,WAS,28,QB,16,15,7/8/2000,321,494,65,3419,20,4,15,3,167,73,6.9,6.4,10.7,213.7,85.9,39.9,38,278,7.1,5.9,5.39,3,4
20,Jared Goff,DET,27,QB,14,14,3/10/2001,332,494,67.2,3245,19,3.8,8,1.6,162,63,6.6,6.6,9.8,231.8,91.5,39.5,35,280,6.6,5.6,5.64,2,2
21,Jalen Hurts,PHI,23,QB,15,15,8/7/2000,265,432,61.3,3144,16,3.7,9,2.1,143,91,7.3,7.1,11.9,209.6,87.2,48.5,26,150,5.7,6.54,6.35,2,2
22,Russell Wilson*,SEA,33,QB,14,14,6/8/2000,259,400,64.8,3113,25,6.3,6,1.5,135,69,7.8,8.4,12,222.4,103.1,54.7,33,266,7.6,6.58,7.11,0,1
23,Teddy Bridgewater,DEN,29,QB,14,14,7/7/2000,285,426,66.9,3052,18,4.2,7,1.6,146,64,7.2,7.3,10.7,218,94.9,47.4,31,211,6.8,6.22,6.32,0,1
24,Baker Mayfield,CLE,26,QB,14,14,6/8/2000,253,418,60.5,3010,17,4.1,13,3.1,143,71,7.2,6.6,11.9,215,83.1,35.1,43,269,9.3,5.95,5.41,,
25,Lamar Jackson*,BAL,24,QB,12,12,7/5/2000,246,382,64.4,2882,16,4.2,13,3.4,135,49,7.5,6.9,11.7,240.2,87,50.7,38,190,9,6.41,5.78,4,4
26,Davis Mills,HOU,23,QB,13,11,2/9/2000,263,394,66.8,2664,16,4.1,10,2.5,118,67,6.8,6.4,10.1,204.9,88.8,35.5,31,206,7.3,5.78,5.48,,
27,Tua Tagovailoa,MIA,23,QB,13,12,7/5/2000,263,388,67.8,2653,16,4.1,10,2.6,137,65,6.8,6.5,10.1,204.1,90.1,49.7,20,152,4.9,6.13,5.81,0,2
28,Sam Darnold,CAR,24,QB,12,11,4/7/2000,243,406,59.9,2527,9,2.2,13,3.2,123,63,6.2,5.2,10.4,210.6,71.9,33.2,35,204,7.9,5.27,4.35,,
29,Daniel Jones,NYG,24,QB,11,11,4/7/2000,232,361,64.3,2428,10,2.8,7,1.9,116,54,6.7,6.4,10.5,220.7,84.8,41.5,22,160,5.7,5.92,5.62,1,1
30,Zach Wilson,NYJ,22,QB,13,13,3/10/2000,213,383,55.6,2334,9,2.3,11,2.9,112,54,6.1,5.3,11,179.5,69.7,28.2,44,370,10.3,4.6,3.86,1,1
31,Justin Fields,CHI,22,QB,12,10,2/8/2000,159,270,58.9,1870,7,2.6,10,3.7,83,64,6.9,5.8,11.8,155.8,73.2,26.4,36,264,11.8,5.25,4.24,,
32,Andy Dalton,CHI,34,QB,8,6,3/3/2000,149,236,63.1,1515,8,3.4,9,3.8,83,60,6.4,5.4,10.2,189.4,76.9,33.6,18,143,7.1,5.4,4.44,1,1
33,Jacoby Brissett,MIA,29,QB,11,5,2/3/2000,141,225,62.7,1283,5,2.2,4,1.8,69,52,5.7,5.3,9.1,116.6,78.1,48.2,19,132,7.8,4.72,4.39,,
34,Jameis Winston,NOR,27,QB,7,7,5/2/2000,95,161,59,1170,14,8.7,3,1.9,56,72,7.3,8.2,12.3,167.1,102.8,64.4,11,69,6.4,6.4,7.24,0,1
35,Trevor Siemian,NOR,30,QB,6,4,0-4-0,108,188,57.4,1154,11,5.9,3,1.6,61,46,6.1,6.6,10.7,192.3,88.4,35.5,9,64,4.6,5.53,5.96,1,1
36,Tyler Huntley,BAL,23,QB,7,4,1/3/2000,122,188,64.9,1081,3,1.6,4,2.1,55,43,5.8,5.1,8.9,154.4,76.6,49,18,107,8.7,4.73,4.15,1,1
37,Taysom Hill,NOR,31,QB,12,9,4/1/2000,78,134,58.2,978,4,3,5,3.7,43,70,7.3,6.2,12.5,81.5,75.4,42.5,9,64,6.3,6.39,5.38,,
38,Tyrod Taylor,HOU,32,QB,6,6,2/4/2000,91,150,60.7,966,5,3.3,5,3.3,44,52,6.4,5.6,10.6,161,76.7,40.4,13,119,8,5.2,4.43,,
39,Mike White,NYJ,26,QB,4,3,1/2/2000,88,132,66.7,953,5,3.8,8,6.1,49,28,7.2,5.3,10.8,238.3,75.1,50.5,4,18,2.9,6.88,4.96,1,1
40,Mike Glennon,NYG,32,QB,6,4,0-4-0,90,167,53.9,790,4,2.4,10,6,43,60,4.7,2.5,8.8,131.7,49.7,11.9,9,68,5.1,4.1,2,,
41,Drew Lock,DEN,25,QB,6,3,0-3-0,67,111,60.4,787,2,1.8,2,1.8,32,44,7.1,6.6,11.7,131.2,80.4,23.4,9,52,7.5,6.13,5.71,,
42,Colt McCoy,ARI,35,QB,8,3,2/1/2000,74,99,74.7,740,3,3,1,1,39,50,7.5,7.6,10,92.5,101.4,54.5,6,40,5.7,6.67,6.81,,
43,Geno Smith,SEA,31,QB,4,3,1/2/2000,65,95,68.4,702,5,5.3,1,1.1,31,84,7.4,8,10.8,175.5,103,45.8,13,117,12,5.42,5.93,,
44,Cam Newton,CAR,32,QB,8,5,0-5-0,69,126,54.8,684,4,3.2,5,4,32,64,5.4,4.3,9.9,85.5,64.4,25.5,10,83,7.4,4.42,3.35,,
45,Josh Johnson,2TM,35,QB,4,1,0-1-0,57,85,67.1,638,5,5.9,2,2.4,39,28,7.5,7.6,11.2,159.5,99,51.7,3,23,3.4,6.99,7.1,,
46,Trey Lance,SFO,21,QB,6,2,1/1/2000,41,71,57.7,603,5,7,2,2.8,27,76,8.5,8.6,14.7,100.5,97.3,33.4,4,15,5.3,7.84,7.97,,
47,Tim Boyle,DET,27,QB,5,3,0-3-0,61,94,64.9,526,3,3.2,6,6.4,28,42,5.6,3.4,8.6,105.2,63.5,26.4,0,0,0,5.6,3.36,,
48,Case Keenum,CLE,33,QB,7,2,2-0-0,47,72,65.3,462,3,4.2,1,1.4,25,34,6.4,6.6,9.8,66,91.3,36.9,5,29,6.5,5.62,5.82,,
49,Gardner Minshew II,PHI,25,QB,4,2,1/1/2000,41,60,68.3,439,4,6.7,1,1.7,24,36,7.3,7.9,10.7,109.8,104.8,60.6,5,31,7.7,6.28,6.82,,
50,Cooper Rush,DAL,28,QB,5,1,1-0-0,30,47,63.8,422,3,6.4,1,2.1,18,73,9,9.3,14.1,84.4,105.1,41.8,3,19,6,8.06,8.36,1,1
51,Jordan Love,GNB,23,QB,6,1,0-1-0,36,62,58.1,411,2,3.2,3,4.8,22,62,6.6,5.1,11.4,68.5,68.7,31.4,3,23,4.6,5.97,4.51,,
52,P.J. Walker,CAR,26,QB,5,1,1-0-0,36,66,54.5,362,1,1.5,3,4.5,19,24,5.5,3.7,10.1,72.4,56.5,19.3,7,47,9.6,4.32,2.74,,
53,Joe Flacco,NYJ,36,QB,2,1,0-1-0,27,42,64.3,338,3,7.1,0,0,14,62,8,9.5,12.5,169,113,43.5,2,13,4.5,7.39,8.75,,
54,Mason Rudolph,PIT,26,QB,2,1,0-0-1,35,58,60.3,277,1,1.7,1,1.7,16,36,4.8,4.3,7.9,138.5,70.8,39.5,0,0,0,4.78,4.34,1,0
55,Nick Foles,CHI,32,QB,1,1,1-0-0,24,35,68.6,250,1,2.9,0,0,14,30,7.1,7.7,10.4,250,98.5,45.6,4,21,10.3,5.87,6.38,1,1
56,Brian Hoyer,NWE,36,QB,5,0,,9,11,81.8,227,1,9.1,0,0,8,48,20.6,22.5,25.2,45.4,149.1,97.4,0,0,0,20.64,22.45,,
57,Jake Fromm,NYG,23,QB,3,2,0-2-0,27,60,45,210,1,1.7,3,5,10,36,3.5,1.6,7.8,70,38.9,15.4,6,33,9.1,2.68,0.94,,
58,Garrett Gilbert,WAS,30,QB,1,1,0-1-0,20,31,64.5,194,0,0,0,0,8,46,6.3,6.3,9.7,194,81.9,39.6,2,20,6.1,5.27,5.27,,
59,Sean Mannion,MIN,29,QB,1,1,0-1-0,22,36,61.1,189,1,2.8,0,0,8,30,5.3,5.8,8.6,189,84.1,33.5,2,15,5.3,4.58,5.11,,
60,Brandon Allen,CIN,29,QB,6,1,0-1-0,17,34,50,149,2,5.9,0,0,5,26,4.4,5.6,8.8,24.8,81.6,8.4,4,33,10.5,3.05,4.11,0,1
61,Nick Mullens,CLE,26,QB,1,1,0-1-0,20,30,66.7,147,1,3.3,0,0,9,25,4.9,5.6,7.4,147,89.2,77.6,0,0,0,4.9,5.57,,
62,Ian Book,NOR,23,QB,1,1,0-1-0,12,20,60,135,0,0,2,10,5,56,6.8,2.3,11.3,135,40.6,2.2,8,54,28.6,2.89,-0.32,,
63,Kyle Allen,WAS,25,QB,2,0,,12,19,63.2,120,1,5.3,0,0,6,19,6.3,7.4,10,60,98.6,24.6,2,5,9.5,5.48,6.43,,
64,Cedrick Wilson Jr.,DAL,26,WR,16,4,,3,3,100,88,0,0,0,0,3,35,29.3,29.3,29.3,5.5,118.7,99.9,0,0,0,29.33,29.33,,
65,Chad Henne,KAN,36,QB,4,0,,11,16,68.8,82,0,0,0,0,6,17,5.1,5.1,7.5,20.5,80.7,69.2,0,0,0,5.13,5.13,,
66,Tom Kennedy,DET,25,WR,12,0,,1,1,100,75,1,100,0,0,1,75,75,95,75,6.3,158.3,100,0,0,0,75,95,,
67,Blaine Gabbert,TAM,32,QB,6,0,,7,11,63.6,67,0,0,0,0,4,23,6.1,6.1,9.6,11.2,80.5,31.2,1,10,8.3,4.75,4.75,,
68,Tyler Boyd,CIN,27,WR,16,10,,1,1,100,46,0,0,0,0,1,46,46,46,46,2.9,118.7,98.7,0,0,0,46,46,,
69,Jakobi Meyers,NWE,25,WR,17,16,,2,2,100,45,0,0,0,0,1,30,22.5,22.5,22.5,2.6,118.7,73.6,0,0,0,22.5,22.5,,
70,Mitchell Trubisky,BUF,27,QB,6,0,,6,8,75,43,0,0,1,12.5,2,15,5.4,-0.3,7.2,7.2,47.4,73.2,0,0,0,5.38,-0.25,,
71,Jack Fox,DET,25,P,17,0,,2,3,66.7,38,0,0,0,0,2,21,12.7,12.7,19,2.2,109.7,,0,0,0,12.67,12.67,,
72,Chris Streveler,ARI,26,QB,2,0,,6,9,66.7,36,0,0,0,0,1,17,4,4,6,18,74.3,2.3,2,17,18.2,1.73,1.73,,
73,Justin Jefferson*,MIN,22,WR,17,17,,2,4,50,35,0,0,0,0,2,24,8.8,8.8,17.5,2.1,80.2,42.7,0,0,0,8.75,8.75,,
74,C.J. Beathard,JAX,28,QB,2,0,,2,2,100,33,0,0,0,0,1,28,16.5,16.5,16.5,16.5,118.7,90.3,0,0,0,16.5,16.5,,
75,Christian Kirk,ARI,25,WR,17,11,,1,1,100,33,0,0,0,0,1,33,33,33,33,1.9,118.7,100,0,0,0,33,33,,
76,Kendrick Bourne,NWE,26,WR,17,5,,1,1,100,25,1,100,0,0,1,25,25,45,25,1.5,158.3,100,0,0,0,25,45,,
77,Jacob Eason,IND,24,QB,1,0,,2,5,40,25,0,0,1,20,2,10,5,-4,12.5,25,16.7,0.1,0,0,0,5,-4,,
78,Deebo Samuel*+,SFO,25,WR,16,15,,1,2,50,24,1,50,0,0,1,24,12,22,24,1.5,133.3,98.7,0,0,0,12,22,,
79,Chris Banjo,ARI,31,DB,16,0,,1,1,100,23,0,0,0,0,1,23,23,23,23,1.4,118.7,,0,0,0,23,23,,
80,Josh Rosen,ATL,24,QB,4,0,,2,11,18.2,19,0,0,2,18.2,1,14,1.7,-6.5,9.5,4.8,0,0.1,0,0,0,1.73,-6.45,,
81,Kadarius Toney,NYG,22,WR,10,4,,1,3,33.3,19,0,0,0,0,1,19,6.3,6.3,19,1.9,56.2,1.8,1,6,25,3.25,3.25,,
82,Dante Pettis,NYG,26,WR,3,0,,1,1,100,16,0,0,0,0,1,16,16,16,16,5.3,118.7,92.5,0,0,0,16,16,,
83,Courtland Sutton,DEN,26,WR,17,16,,1,1,100,16,0,0,0,0,1,16,16,16,16,0.9,118.7,99.9,0,0,0,16,16,,
84,Tommy Townsend,KAN,25,P,16,0,,1,1,100,16,0,0,0,0,1,16,16,16,16,1,118.7,,0,0,0,16,16,,
85,Ryan Fitzpatrick,WAS,39,QB,1,1,0-1-0,3,6,50,13,0,0,0,0,0,6,2.2,2.2,4.3,13,56.2,2.3,1,2,14.3,1.57,1.57,,
86,Matthias Farley,TEN,29,DB,17,0,,1,1,100,6,0,0,0,0,1,6,6,6,6,0.4,91.7,,0,0,0,6,6,,
87,Derrick Henry,TEN,27,RB,8,8,,1,1,100,5,1,100,0,0,1,5,5,25,5,0.6,127.1,76.6,0,0,0,5,25,,
88,Kellen Mond,MIN,22,QB,1,0,,2,3,66.7,5,0,0,0,0,0,6,1.7,1.7,2.5,5,70.1,14.9,0,0,0,1.67,1.67,,
89,John Wolford,LAR,26,QB,3,0,,1,4,25,5,0,0,1,25,0,5,1.3,-10,5,1.7,0,0.1,1,8,20,-0.6,-9.6,,
90,Ezekiel Elliott,DAL,26,RB,17,17,,1,1,100,4,0,0,0,0,0,4,4,4,4,0.2,83.3,9.9,0,0,0,4,4,,
91,Marcus Mariota,LVR,28,QB,10,0,,1,2,50,4,0,0,0,0,0,4,2,2,4,0.4,56.2,40.3,0,0,0,2,2,,
92,Johnny Hekker,LAR,31,P,17,0,,1,1,100,2,0,0,0,0,0,2,2,2,2,0.1,79.2,,0,0,0,2,2,,
93,Greg Ward,PHI,26,WR,17,0,,1,2,50,2,0,0,0,0,0,2,1,1,2,0.1,56.2,0,0,0,0,1,1,,
94,Kendall Hinton,DEN,24,WR,16,1,,1,1,100,1,0,0,0,0,0,1,1,1,1,0.1,79.2,100,0,0,0,1,1,,
95,Keenan Allen*,LAC,29,WR,16,16,,0,1,0,0,0,0,0,0,0,0,0,0,,0,39.6,51.3,0,0,0,0,0,,
96,Danny Amendola,HOU,36,WR,8,0,,0,1,0,0,0,0,0,0,0,0,0,0,,0,39.6,3.3,0,0,0,0,0,,
97,Cole Beasley,BUF,32,WR,16,8,,0,1,0,0,0,0,0,0,0,0,0,0,,0,39.6,2.3,0,0,0,0,0,,
98,Chris Boswell,PIT,30,K,17,0,,0,1,0,0,0,0,0,0,0,0,0,0,,0,39.6,,0,0,0,0,0,,
99,A.J. Brown,TEN,24,WR,13,13,,0,2,0,0,0,0,0,0,0,0,0,0,,0,39.6,2.4,0,0,0,0,0,,
100,Rex Burkhead,HOU,31,RB,16,5,,0,1,0,0,0,0,0,0,0,0,0,0,,0,39.6,2.4,0,0,0,0,0,,
101,Keelan Cole,NYJ,28,WR,15,11,,0,1,0,0,0,0,0,0,0,0,0,0,,0,39.6,3.5,0,0,0,0,0,,
102,Riley Dixon,NYG,28,P,17,0,,0,1,0,0,0,0,0,0,0,0,0,0,,0,39.6,,0,0,0,0,0,,
103,Leonard Fournette,TAM,26,RB,14,13,,0,1,0,0,0,0,0,0,0,0,0,0,,0,39.6,28.1,0,0,0,0,0,,
104,Feleipe Franks,ATL,24,QB,9,0,,0,1,0,0,0,0,1,100,0,0,0,-45,,0,0,0.8,0,0,0,0,-45,,
105,Mike Gesicki,MIA,26,TE,17,9,,0,1,0,0,0,0,0,0,0,0,0,0,,0,39.6,4.2,0,0,0,0,0,,
106,Blake Gillikin,NOR,23,P,17,0,,0,1,0,0,0,0,0,0,0,0,0,0,,0,39.6,,0,0,0,0,0,,
107,Sam Koch,BAL,39,P,17,0,,0,1,0,0,0,0,0,0,0,0,0,0,,0,39.6,,0,0,0,0,0,,
108,Cooper Kupp*+,LAR,28,WR,17,17,,0,1,0,0,0,0,0,0,0,0,0,0,,0,39.6,10.4,0,0,0,0,0,,
109,Ty Long,LAC,28,P,17,0,,0,1,0,0,0,0,0,0,0,0,0,0,,0,39.6,,0,0,0,0,0,,
110,David Montgomery,CHI,24,RB,13,13,,0,1,0,0,0,0,1,100,0,0,0,-45,,0,0,21.2,0,0,0,0,-45,,
111,Cordarrelle Patterson,ATL,30,RB,16,13,,0,1,0,0,0,0,0,0,0,0,0,0,,0,39.6,2.9,0,0,0,0,0,,
112,Brett Rypien,DEN,25,QB,1,0,,0,2,0,0,0,0,0,0,0,0,0,0,,0,39.6,1.1,0,0,0,0,0,,
113,D'Andre Swift,DET,22,RB,13,4,,0,1,0,0,0,0,0,0,0,0,0,0,,0,39.6,0.5,0,0,0,0,0,,
114,Albert Wilson,MIA,29,WR,14,5,,0,1,0,0,0,0,0,0,0,0,0,0,,0,39.6,0,1,1,50,-0.5,-0.5,,
115,Brandon Zylstra,CAR,28,WR,13,3,,0,1,0,0,0,0,0,0,0,0,0,0,,0,39.6,0.4,0,0,0,0,0,,
1,Deshaun Watson*,HOU,25,QB,16,16,4/12/2000,382,544,70.2,4823,33,6.1,7,1.3,221,77,8.9,9.5,12.6,301.4,112.4,63.7,49,293,8.3,7.64,8.22,,
2,Patrick Mahomes*,KAN,25,QB,15,15,14-1-0,390,588,66.3,4740,38,6.5,6,1,238,75,8.1,8.9,12.2,316,108.2,78.1,22,147,3.6,7.53,8.33,3,3
3,Tom Brady,TAM,43,QB,16,16,11/5/2000,401,610,65.7,4633,40,6.6,12,2,233,50,7.6,8,11.6,289.6,102.2,66,21,143,3.3,7.12,7.53,3,3
4,Matt Ryan,ATL,35,QB,16,16,4/12/2000,407,626,65,4581,26,4.2,11,1.8,242,63,7.3,7.4,11.3,286.3,93.3,59.8,41,257,6.1,6.48,6.52,,
5,Josh Allen*,BUF,24,QB,16,16,13-3-0,396,572,69.2,4544,37,6.5,10,1.7,228,55,7.9,8.5,11.5,284,107.2,76.6,26,159,4.3,7.33,7.82,2,3
6,Justin Herbert,LAC,22,QB,15,15,6/9/2000,396,595,66.6,4336,31,5.2,10,1.7,216,72,7.3,7.6,10.9,289.1,98.3,62.6,32,218,5.1,6.57,6.84,1,3
7,Aaron Rodgers*+,GNB,37,QB,16,16,13-3-0,372,526,70.7,4299,48,9.1,5,1,216,78,8.2,9.6,11.6,268.7,121.5,79.8,20,182,3.7,7.54,8.89,1,2
8,Kirk Cousins,MIN,32,QB,16,16,7/9/2000,349,516,67.6,4265,35,6.8,13,2.5,212,71,8.3,8.5,12.2,266.6,105,55.8,39,256,7,7.22,7.43,1,3
9,Russell Wilson*,SEA,32,QB,16,16,12/4/2000,384,558,68.8,4212,40,7.2,13,2.3,213,62,7.5,7.9,11,263.3,105.1,67.1,47,301,7.8,6.46,6.82,3,3
10,Philip Rivers,IND,39,QB,16,16,11/5/2000,369,543,68,4169,24,4.4,11,2,200,55,7.7,7.7,11.3,260.6,97,55,19,118,3.4,7.21,7.18,2,3
11,Derek Carr,LVR,29,QB,16,16,8/8/2000,348,517,67.3,4103,27,5.2,9,1.7,192,85,7.9,8.2,11.8,256.4,101.4,64.3,26,150,4.8,7.28,7.53,3,5
12,Matthew Stafford,DET,32,QB,16,16,5/11/2000,339,528,64.2,4084,26,4.9,10,1.9,205,73,7.7,7.9,12,255.3,96.3,61.3,38,254,6.7,6.77,6.89,3,4
13,Kyler Murray*,ARI,23,QB,16,16,8/8/2000,375,558,67.2,3971,26,4.7,12,2.2,205,80,7.1,7.1,10.6,248.2,94.3,61.9,27,176,4.6,6.49,6.45,3,4
14,Jared Goff,LAR,26,QB,15,15,9/6/2000,370,552,67,3952,20,3.6,13,2.4,194,56,7.2,6.8,10.7,263.5,90,50.8,23,161,4,6.59,6.27,0,1
15,Ryan Tannehill,TEN,32,QB,16,16,11/5/2000,315,481,65.5,3819,33,6.9,7,1.5,202,75,7.9,8.7,12.1,238.7,106.5,72.6,24,173,4.8,7.22,7.9,5,6
16,Ben Roethlisberger,PIT,38,QB,15,15,12/3/2000,399,608,65.6,3803,33,5.4,10,1.6,193,84,6.3,6.6,9.5,253.5,94.1,52.5,13,118,2.1,5.93,6.27,4,4
17,Teddy Bridgewater,CAR,28,QB,15,15,4/11/2000,340,492,69.1,3733,15,3,11,2.2,174,75,7.6,7.2,11,248.9,92.1,56.8,31,205,5.9,6.75,6.37,,
18,Baker Mayfield,CLE,25,QB,16,16,11/5/2000,305,486,62.8,3563,26,5.3,8,1.6,188,75,7.3,7.7,11.7,222.7,95.9,65.5,26,162,5.1,6.64,6.96,2,2
19,Daniel Jones,NYG,23,QB,14,14,5/9/2000,280,448,62.5,2943,11,2.5,10,2.2,157,53,6.6,6.1,10.5,210.2,80.4,54,45,286,9.1,5.39,4.92,0,0
20,Drew Brees,NOR,41,QB,12,12,9/3/2000,275,390,70.5,2942,24,6.2,6,1.5,149,52,7.5,8.1,10.7,245.2,106.4,68.3,13,89,3.2,7.08,7.6,1,3
21,Drew Lock,DEN,24,QB,13,13,4/9/2000,254,443,57.3,2933,16,3.6,15,3.4,145,92,6.6,5.8,11.5,225.6,75.4,41.2,19,123,4.1,6.08,5.31,1,1
22,Lamar Jackson,BAL,23,QB,15,15,11/4/2000,242,376,64.4,2757,26,6.9,9,2.4,138,47,7.3,7.6,11.4,183.8,99.3,67.3,29,160,7.2,6.41,6.7,1,1
23,Joe Burrow,CIN,24,QB,10,10,2/7/2001,264,404,65.3,2688,13,3.2,5,1.2,150,67,6.7,6.7,10.2,268.8,89.8,48.5,32,231,7.3,5.64,5.72,,
24,Cam Newton,NWE,31,QB,15,15,7/8/2000,242,368,65.8,2657,8,2.2,10,2.7,133,50,7.2,6.4,11,177.1,82.9,39.4,31,195,7.8,6.17,5.44,1,3
25,Carson Wentz,PHI,28,QB,12,12,3/8/2001,251,437,57.4,2620,16,3.7,15,3.4,130,59,6,5.2,10.4,218.3,72.8,41.9,50,326,10.3,4.71,3.98,3,2
26,Nick Mullens,SFO,25,QB,10,8,2/6/2000,211,326,64.7,2437,12,3.7,12,3.7,120,49,7.5,6.6,11.5,243.7,84.1,36.3,19,139,5.5,6.66,5.79,1,1
27,Gardner Minshew II,JAX,24,QB,9,8,1/7/2000,216,327,66.1,2259,16,4.9,5,1.5,117,51,6.9,7.2,10.5,251,95.9,44,27,147,7.6,5.97,6.23,1,1
28,Sam Darnold,NYJ,23,QB,12,12,2/10/2000,217,364,59.6,2208,9,2.5,11,3,109,69,6.1,5.2,10.2,184,72.7,32.9,35,234,8.8,4.95,4.16,,
29,Andy Dalton,DAL,33,QB,11,9,4/5/2000,216,333,64.9,2170,14,4.2,8,2.4,116,69,6.5,6.3,10,197.3,87.3,46.1,24,184,6.7,5.56,5.34,2,3
30,Ryan Fitzpatrick,MIA,38,QB,9,7,4/3/2000,183,267,68.5,2091,13,4.9,8,3,106,70,7.8,7.5,11.4,232.3,95.6,70.9,14,65,5,7.21,6.85,1,1
31,Mitchell Trubisky,CHI,26,QB,10,9,6/3/2000,199,297,67,2055,16,5.4,8,2.7,124,53,6.9,6.8,10.3,205.5,93.5,53.8,18,125,5.7,6.13,6,1,1
32,Dak Prescott,DAL,27,QB,5,5,2/3/2000,151,222,68,1856,9,4.1,4,1.8,93,58,8.4,8.4,12.3,371.2,99.6,73.1,10,66,4.3,7.72,7.72,1,1
33,Nick Foles,CHI,31,QB,9,7,2/5/2000,202,312,64.7,1852,10,3.2,8,2.6,93,50,5.9,5.4,9.2,205.8,80.8,36,18,145,5.5,5.17,4.69,2,2
34,Tua Tagovailoa,MIA,22,QB,10,9,6/3/2000,186,290,64.1,1814,11,3.8,5,1.7,100,35,6.3,6.2,9.8,181.4,87.1,44.8,20,136,6.5,5.41,5.4,2,2
35,Alex Smith,WAS,36,QB,8,6,5/1/2000,168,252,66.7,1582,6,2.4,8,3.2,73,68,6.3,5.3,9.4,197.8,78.5,28.2,22,139,8,5.27,4.39,1,1
36,Dwayne Haskins,WAS,23,QB,7,6,1/5/2000,148,241,61.4,1439,5,2.1,7,2.9,73,50,6,5.1,9.7,205.6,73,24.8,20,141,7.7,4.97,4.15,1,1
37,Jimmy Garoppolo,SFO,29,QB,6,6,3/3/2000,94,140,67.1,1096,7,5,5,3.6,55,76,7.8,7.2,11.7,182.7,92.4,54,11,77,7.3,6.75,6.19,,
38,Mike Glennon,JAX,31,QB,5,5,0-5-0,111,179,62,1072,7,3.9,5,2.8,57,46,6,5.5,9.7,214.4,80.1,29.8,9,53,4.8,5.42,4.97,,
39,Jalen Hurts,PHI,22,QB,15,4,1/3/2000,77,148,52,1061,6,4.1,4,2.7,45,81,7.2,6.8,13.8,70.7,77.6,33.8,13,59,8.1,6.22,5.85,,
40,Taysom Hill,NOR,30,WR/QB,16,8,3/1/2000,88,121,72.7,928,4,3.3,2,1.7,45,44,7.7,7.6,10.5,58,98.8,51.1,14,87,10.4,6.23,6.16,,
41,Brandon Allen,CIN,28,QB,5,5,1/4/2000,90,142,63.4,925,5,3.5,4,2.8,42,72,6.5,6,10.3,185,82,37.5,7,51,4.7,5.87,5.33,1,1
42,Joe Flacco,NYJ,35,QB,5,4,0-4-0,74,134,55.2,864,6,4.5,3,2.2,36,52,6.4,6.3,11.7,172.8,80.6,50.3,7,69,5,5.64,5.53,,
43,C.J. Beathard,SFO,27,QB,6,2,1/1/2000,66,104,63.5,787,6,5.8,0,0,42,49,7.6,8.7,11.9,131.2,105.7,46,9,71,8,6.34,7.4,,
44,Jake Luton,JAX,24,QB,3,3,0-3-0,60,110,54.5,624,2,1.8,6,5.5,31,73,5.7,3.6,10.4,208,54.5,32.8,7,52,6,4.89,2.92,,
45,Kyle Allen,WAS,24,QB,4,4,1/3/2000,60,87,69,610,4,4.6,1,1.1,30,52,7,7.4,10.2,152.5,99.3,68.2,7,44,7.4,6.02,6.39,,
46,Jeff Driskel,DEN,27,QB,3,1,0-1-0,35,64,54.7,432,3,4.7,2,3.1,18,45,6.8,6.3,12.3,144,78.4,36.1,11,98,14.7,4.45,4.05,,
47,Colt McCoy,NYG,34,QB,4,2,1/1/2000,40,66,60.6,375,1,1.5,1,1.5,19,35,5.7,5.3,9.4,93.8,75,29.7,5,24,7,4.94,4.59,,
48,P.J. Walker,CAR,25,QB,4,1,1-0-0,32,56,57.1,368,1,1.8,5,8.9,17,52,6.6,2.9,11.5,92,45.8,9.6,4,31,6.7,5.62,2.2,,
49,Mason Rudolph,PIT,25,QB,5,1,0-1-0,25,43,58.1,324,2,4.7,1,2.3,13,47,7.5,7.4,13,64.8,87.7,72.7,1,8,2.3,7.18,7.07,,
50,Brett Rypien,DEN,24,QB,3,1,1-0-0,27,40,67.5,295,2,5,4,10,12,48,7.4,3.9,10.9,98.3,66.1,50.3,1,0,2.4,7.2,3.78,1,1
51,Chase Daniel,DET,34,QB,4,0,,29,43,67.4,264,1,2.3,2,4.7,14,28,6.1,4.5,9.1,66,72.2,15.9,3,29,6.5,5.11,3.59,,
52,Jarrett Stidham,NWE,24,QB,5,0,,22,44,50,256,2,4.5,3,6.8,12,38,5.8,3.7,11.6,51.2,54.7,12.2,4,21,8.3,4.9,2.92,,
53,Chad Henne,KAN,35,QB,3,1,0-1-0,28,38,73.7,248,2,5.3,0,0,15,37,6.5,7.6,8.9,82.7,108.2,26.3,2,4,5,6.1,7.1,,
54,Garrett Gilbert,DAL,29,QB,1,1,0-1-0,21,38,55.3,243,1,2.6,1,2.6,10,32,6.4,5.7,11.6,243,72.6,56.8,2,23,5,5.5,4.88,,
55,John Wolford,LAR,25,QB,1,1,1-0-0,22,38,57.9,231,0,0,1,2.6,12,38,6.1,4.9,10.5,231,64.7,68.5,2,8,5,5.58,4.45,,
56,Marcus Mariota,LVR,27,QB,1,0,,17,28,60.7,226,1,3.6,1,3.6,11,35,8.1,7.2,13.3,226,83.3,97.4,0,0,0,8.07,7.18,,
57,Ben DiNucci,DAL,24,QB,3,1,0-1-0,23,43,53.5,219,0,0,0,0,11,32,5.1,5.1,9.5,73,67.9,10.2,7,73,14,2.92,2.92,,
58,Tyrod Taylor,LAC,31,QB,2,1,1-0-0,16,30,53.3,208,0,0,0,0,10,37,6.9,6.9,13,104,75.4,16.6,2,1,6.3,6.47,6.47,1,1
59,Matt Barkley,BUF,30,QB,5,0,,11,21,52.4,197,1,4.8,1,4.8,9,56,9.4,8.2,17.9,39.4,80.9,27.4,1,7,4.5,8.64,7.5,,
60,Ryan Finley,CIN,26,QB,5,1,1-0-0,17,32,53.1,164,1,3.1,2,6.3,8,30,5.1,2.9,9.6,32.8,52.1,41.4,9,63,22,2.46,0.76,,
61,Blaine Gabbert,TAM,31,QB,4,0,,9,16,56.3,143,2,12.5,0,0,5,35,8.9,11.4,15.9,35.8,125.8,53.1,1,7,5.9,8,10.35,,
62,Taylor Heinicke,WAS,27,QB,1,0,,12,19,63.2,137,1,5.3,0,0,6,29,7.2,8.3,11.4,137,102.3,40.7,1,7,5,6.5,7.5,,
63,Brian Hoyer,NWE,35,QB,1,1,0-1-0,15,24,62.5,130,0,0,1,4.2,8,25,5.4,3.5,8.7,130,59.4,22.4,2,18,7.7,4.31,2.58,,
64,Chris Streveler,ARI,25,QB,5,0,,11,16,68.8,105,1,6.3,1,6.3,5,19,6.6,5,9.5,21,81.5,29.6,2,10,11.1,5.28,3.89,,
65,Trace McSorley,BAL,25,QB,2,0,,3,10,30,90,1,10,0,0,2,70,9,11,30,45,97.9,28.9,0,0,0,9,11,,
66,Jameis Winston,NOR,26,QB,4,0,,7,11,63.6,75,0,0,0,0,5,19,6.8,6.8,10.7,18.8,83.5,12,2,11,15.4,4.92,4.92,,
67,Jarvis Landry,CLE,28,WR,15,14,,4,4,100,74,1,25,0,0,4,37,18.5,23.5,18.5,4.9,158.3,100,0,0,0,18.5,23.5,,
68,David Blough,DET,25,QB,1,0,,6,10,60,49,0,0,1,10,1,20,4.9,0.4,8.2,49,32.9,11.2,1,10,9.1,3.55,-0.55,,
69,Case Keenum,CLE,32,QB,2,0,,5,10,50,46,0,0,0,0,2,24,4.6,4.6,9.2,23,62.9,34.7,0,0,0,4.6,4.6,,
70,Jamison Crowder,NYJ,27,WR,12,7,,1,1,100,43,1,100,0,0,1,43,43,63,43,3.6,158.3,100,0,0,0,43,63,,
71,Jakobi Meyers,NWE,24,WR,14,9,,2,2,100,43,2,100,0,0,2,24,21.5,41.5,21.5,3.1,158.3,100,0,0,0,21.5,41.5,,
72,Robert Griffin III,BAL,30,QB,4,1,0-1-0,8,14,57.1,42,0,0,2,14.3,1,9,3,-3.4,5.3,10.5,22.6,20.2,3,20,17.6,1.29,-4,,
73,Russell Gage,ATL,24,WR,16,8,,1,2,50,39,1,50,0,0,1,39,19.5,29.5,39,2.4,135.4,100,0,0,0,19.5,29.5,,
74,Julian Edelman,NWE,34,WR,6,1,,2,2,100,38,0,0,0,0,2,22,19,19,19,6.3,118.7,98,0,0,0,19,19,,
75,Geno Smith,SEA,30,QB,1,0,,4,5,80,33,0,0,0,0,3,14,6.6,6.6,8.3,33,94.2,3.9,1,3,16.7,5,5,,
76,Lynn Bowden Jr.,MIA,23,WR,10,4,,1,2,50,32,0,0,0,0,1,32,16,16,32,3.2,95.8,32.9,0,0,0,16,16,,
77,Nate Sudfeld,PHI,27,QB,1,0,,5,12,41.7,32,0,0,1,8.3,1,10,2.7,-1.1,6.4,32,14.6,1.6,2,16,14.3,1.14,-2.07,,
78,Zay Jones,LVR,25,WR,16,2,,1,1,100,29,0,0,0,0,1,29,29,29,29,1.8,118.7,100,0,0,0,29,29,,
79,Joseph Charlton,CAR,23,P,16,0,,1,1,100,28,0,0,0,0,1,28,28,28,28,1.8,118.7,99.9,1,5,50,11.5,11.5,,
80,Logan Thomas,WAS,29,TE,16,15,,1,1,100,28,0,0,0,0,1,28,28,28,28,1.8,118.7,40.1,0,0,0,28,28,,
81,Andy Lee,ARI,38,P,16,0,,1,1,100,26,0,0,0,0,1,26,26,26,26,1.6,118.7,,0,0,0,26,26,,
82,Nathan Peterman,LVR,26,QB,1,0,,3,5,60,25,0,0,0,0,1,12,5,5,8.3,25,72.9,24.3,2,16,28.6,1.29,1.29,,
83,Cedrick Wilson Jr.,DAL,25,WR,16,0,,2,2,100,23,1,50,0,0,1,12,11.5,21.5,11.5,1.4,154.2,99.3,0,0,0,11.5,21.5,,
84,Cole Beasley,BUF,31,WR,15,10,,1,1,100,20,1,100,0,0,1,20,20,40,20,1.3,158.3,100,0,0,0,20,40,,
85,A.J. McCarron,HOU,30,QB,2,0,,1,1,100,20,0,0,0,0,1,20,20,20,20,10,118.7,0,1,12,50,4,4,,
86,Odell Beckham Jr.,CLE,28,WR,7,7,,1,1,100,18,0,0,0,0,1,18,18,18,18,2.6,118.7,98.9,0,0,0,18,18,,
87,Tyler Bray,CHI,29,QB,1,0,,1,5,20,18,0,0,0,0,1,18,3.6,3.6,18,18,42.1,7.5,0,0,0,3.6,3.6,,
88,Golden Tate,NYG,32,WR,12,4,,1,2,50,18,0,0,0,0,1,18,9,9,18,1.5,81.2,4.8,0,0,0,9,9,,
89,Jacoby Brissett,IND,28,QB,11,0,,2,8,25,17,0,0,0,0,1,13,2.1,2.1,8.5,1.5,39.6,58.3,2,15,20,0.2,0.2,,
90,Tyler Boyd,CIN,26,WR,15,8,,1,2,50,16,0,0,0,0,1,16,8,8,16,1.1,77.1,48,0,0,0,8,8,,
91,Tyler Huntley,BAL,22,QB,2,0,,3,5,60,15,0,0,0,0,0,8,3,3,5,7.5,64.6,1.4,0,0,0,3,3,,
92,Sam Koch,BAL,38,P,15,0,,1,1,100,15,0,0,0,0,1,15,15,15,15,1,118.7,,0,0,0,15,15,,
93,Greg Ward,PHI,25,WR,16,10,,1,1,100,15,0,0,0,0,1,15,15,15,15,0.9,118.7,0.7,0,0,0,15,15,,
94,Kendall Hinton,DEN,23,WR,1,0,,1,9,11.1,13,0,0,2,22.2,1,13,1.4,-8.6,13,13,0,0.1,1,1,10,1.2,-7.8,,
95,Jaquan Johnson,BUF,25,DB,14,0,,1,1,100,13,0,0,0,0,1,13,13,13,13,0.9,118.7,,0,0,0,13,13,,
96,Tommy Townsend,KAN,24,P,16,0,,1,1,100,13,0,0,0,0,1,13,13,13,13,0.8,118.7,10.6,0,0,0,13,13,,
97,Isaiah McKenzie,BUF,25,WR,16,7,,1,1,100,12,1,100,0,0,1,12,12,32,12,0.8,156.2,88.2,0,0,0,12,32,,
98,Logan Woodside,TEN,25,QB,6,0,,1,3,33.3,7,0,0,0,0,1,7,2.3,2.3,7,1.2,42.4,65.1,0,0,0,2.33,2.33,,
99,Travis Kelce*+,KAN,31,TE,15,15,,1,2,50,4,0,0,0,0,1,4,2,2,4,0.3,56.2,55.2,0,0,0,2,2,,
100,Easton Stick,LAC,25,QB,1,0,,1,1,100,4,0,0,0,0,0,4,4,4,4,4,83.3,1.3,0,0,0,4,4,,
101,Joshua Dobbs,PIT,25,QB,1,0,,4,5,80,2,0,0,0,0,0,3,0.4,0.4,0.5,2,79.2,48.7,0,0,0,0.4,0.4,,
102,Jamal Agnew,DET,25,WR,14,2,,0,1,0,0,0,0,0,0,0,0,0,0,,0,39.6,0.9,0,0,0,0,0,,
103,Keenan Allen*,LAC,28,WR,14,13,,0,1,0,0,0,0,0,0,0,0,0,0,,0,39.6,1.4,0,0,0,0,0,,
104,Randall Cobb,HOU,30,WR,10,2,,0,1,0,0,0,0,0,0,0,0,0,0,,0,39.6,2.8,0,0,0,0,0,,
105,Riley Dixon,NYG,27,P,16,0,,0,1,0,0,0,0,0,0,0,0,0,0,,0,39.6,,0,0,0,0,0,,
106,Alex Erickson,CIN,28,WR,16,2,,0,1,0,0,0,0,0,0,0,0,0,0,,0,39.6,8.4,0,0,0,0,0,,
107,Chris Jones,DAL,31,P,8,0,,0,1,0,0,0,0,0,0,0,0,0,0,,0,39.6,,0,0,0,0,0,,
108,Brett Kern,TEN,34,P,13,0,,0,1,0,0,0,0,0,0,0,0,0,0,,0,39.6,0,0,0,0,0,0,,
109,D.J. Moore,CAR,23,WR,15,14,,0,1,0,0,0,0,0,0,0,0,0,0,,0,39.6,,0,0,0,0,0,,
110,Zach Pascal,IND,26,WR,16,14,,0,1,0,0,0,0,0,0,0,0,0,0,,0,39.6,1.8,0,0,0,0,0,,
111,Sammy Watkins,KAN,27,WR,10,9,,0,1,0,0,0,0,1,100,0,0,0,-45,,0,0,0,0,0,0,0,-45,,
112,Isaiah Wright,WAS,23,WR,14,6,,0,1,0,0,0,0,0,0,0,0,0,0,,0,39.6,2.8,0,0,0,0,0,,
